<?xml version="1.0" encoding="utf-8"?>
<ConfigSynthetic>
<!--for binary choices, 0 specifies off, 1 on-->

<!--WHAT TYPE OF ANALYSIS TO DO-->
<SynthesizingMode>0</SynthesizingMode>
<!--0 Poisson-Voronoi tessellation-->
<RVENumberOfVoxelX>32</RVENumberOfVoxelX>
<RVENumberOfVoxelY>32</RVENumberOfVoxelY>
<RVENumberOfVoxelZ>32</RVENumberOfVoxelZ>
<RVEPhysicalLengthX>1.0</RVEPhysicalLengthX>
<RVEPhysicalLengthY>1.0</RVEPhysicalLengthY>
<RVEPhysicalLengthZ>1.0</RVEPhysicalLengthZ>
<NumberOfSeeds>100</NumberOfSeeds>
<!--so many cells in the fully periodic Poisson Voronoi tessellation-->


</ConfigSynthetic>
