<ColorMaps>
<ColorMap name="Consistency" space="RGB">
<Point x="1" o="1" r="0.2422" g="0.1504" b="0.6603"/>
<Point x="2" o="1" r="0.25039" g="0.165" b="0.70761"/>
<Point x="3" o="1" r="0.25777" g="0.18178" b="0.75114"/>
<Point x="4" o="1" r="0.26473" g="0.19776" b="0.79521"/>
<Point x="5" o="1" r="0.27065" g="0.21468" b="0.83637"/>
<Point x="6" o="1" r="0.27511" g="0.23424" b="0.87099"/>
<Point x="7" o="1" r="0.2783" g="0.25587" b="0.89907"/>
<Point x="8" o="1" r="0.28033" g="0.27823" b="0.9221"/>
<Point x="9" o="1" r="0.28134" g="0.3006" b="0.94138"/>
<Point x="10" o="1" r="0.28101" g="0.32276" b="0.95789"/>
<Point x="11" o="1" r="0.27947" g="0.34467" b="0.97168"/>
<Point x="12" o="1" r="0.27597" g="0.36668" b="0.9829"/>
<Point x="13" o="1" r="0.26991" g="0.3892" b="0.9906"/>
<Point x="14" o="1" r="0.26024" g="0.41233" b="0.99516"/>
<Point x="15" o="1" r="0.24403" g="0.43583" b="0.99883"/>
<Point x="16" o="1" r="0.22064" g="0.46026" b="0.99729"/>
<Point x="17" o="1" r="0.19633" g="0.48472" b="0.98915"/>
<Point x="18" o="1" r="0.1834" g="0.50737" b="0.9798"/>
<Point x="19" o="1" r="0.17864" g="0.52886" b="0.96816"/>
<Point x="20" o="1" r="0.17644" g="0.5499" b="0.95202"/>
<Point x="21" o="1" r="0.16874" g="0.57026" b="0.93587"/>
<Point x="22" o="1" r="0.154" g="0.5902" b="0.9218"/>
<Point x="23" o="1" r="0.14603" g="0.60912" b="0.90786"/>
<Point x="24" o="1" r="0.13802" g="0.62763" b="0.89729"/>
<Point x="25" o="1" r="0.12481" g="0.64593" b="0.88834"/>
<Point x="26" o="1" r="0.11125" g="0.6635" b="0.87631"/>
<Point x="27" o="1" r="0.09521" g="0.67983" b="0.85978"/>
<Point x="28" o="1" r="0.068871" g="0.69477" b="0.83936"/>
<Point x="29" o="1" r="0.029667" g="0.70817" b="0.81633"/>
<Point x="30" o="1" r="0.0035714" g="0.72027" b="0.7917"/>
<Point x="31" o="1" r="0.0066571" g="0.73121" b="0.76601"/>
<Point x="32" o="1" r="0.043329" g="0.7411" b="0.73941"/>
<Point x="33" o="1" r="0.096395" g="0.75" b="0.71204"/>
<Point x="34" o="1" r="0.14077" g="0.7584" b="0.68416"/>
<Point x="35" o="1" r="0.1717" g="0.76696" b="0.65544"/>
<Point x="36" o="1" r="0.19377" g="0.77577" b="0.6251"/>
<Point x="37" o="1" r="0.21609" g="0.7843" b="0.5923"/>
<Point x="38" o="1" r="0.24696" g="0.7918" b="0.55674"/>
<Point x="39" o="1" r="0.29061" g="0.79729" b="0.51883"/>
<Point x="40" o="1" r="0.34064" g="0.8008" b="0.47886"/>
<Point x="41" o="1" r="0.3909" g="0.80287" b="0.43545"/>
<Point x="42" o="1" r="0.44563" g="0.80242" b="0.39092"/>
<Point x="43" o="1" r="0.5044" g="0.7993" b="0.348"/>
<Point x="44" o="1" r="0.56156" g="0.79423" b="0.30448"/>
<Point x="45" o="1" r="0.6174" g="0.78762" b="0.26124"/>
<Point x="46" o="1" r="0.67199" g="0.77927" b="0.2227"/>
<Point x="47" o="1" r="0.7242" g="0.76984" b="0.19103"/>
<Point x="48" o="1" r="0.77383" g="0.7598" b="0.16461"/>
<Point x="49" o="1" r="0.82031" g="0.74981" b="0.15353"/>
<Point x="50" o="1" r="0.86343" g="0.7406" b="0.15963"/>
<Point x="51" o="1" r="0.90354" g="0.73303" b="0.17741"/>
<Point x="52" o="1" r="0.93926" g="0.72879" b="0.20996"/>
<Point x="53" o="1" r="0.97276" g="0.72977" b="0.23944"/>
<Point x="54" o="1" r="0.99565" g="0.74337" b="0.23715"/>
<Point x="55" o="1" r="0.99699" g="0.76586" b="0.21994"/>
<Point x="56" o="1" r="0.9952" g="0.78925" b="0.20276"/>
<Point x="57" o="1" r="0.9892" g="0.81357" b="0.18853"/>
<Point x="58" o="1" r="0.97863" g="0.83863" b="0.17656"/>
<Point x="59" o="1" r="0.96765" g="0.8639" b="0.16429"/>
<Point x="60" o="1" r="0.96101" g="0.88902" b="0.15368"/>
<Point x="61" o="1" r="0.95967" g="0.91346" b="0.14226"/>
<Point x="62" o="1" r="0.9628" g="0.93734" b="0.12651"/>
<Point x="63" o="1" r="0.96911" g="0.96063" b="0.10636"/>
<Point x="64" o="1" r="0.9769" g="0.9839" b="0.0805"/>
</ColorMap>
</ColorMaps>